Hospital Id,Hospital Name,Address,Pin Code,PhONE NO
HOS-BLR-266,Abhaya Hospital (Neuropsychiatry & Critical Care Hospital Pvt Ltd),"17, Dr.M.H.Mari Gowda Road, Wilson Garden",560027,080-26566767
HOS-BLR-2,Agadi Hospital & Research Centre,"35, H Siddhaiah Road, Wilson Garden",560017,080-22222925
HOS-BLR-413,Ananya Hospital Pvt Ltd,"389/44, 19Th Main, Rajajinagarrajajinagar",560010,080-23527411
HOS-BLR-303,Anugraha Nursing Home,"No 2, Vinayaka Circle, Palace Guttahalli Main Road",560003,080-23562042
HOS-BLR-1306,Ashok Hospital,"#65, N.H.C.S. Lay-Out, 3Rd Stage, 4Th Block, Basaveshwar Nagar, Kamalanagar Main Road",560079,080-23226699
HOS-BLR-3756,Ashraya Medinova Pvt Ltd,"Magadi Main Road, Sunkadakatte, Srigandadakaval",560091,080-23583783
HOS-BLR-1793,Ashwini Hospital,"#129, Katruguppa, Bsk 3Rd Stg",560085,080-26723002
HOS-BLR-1593,Ashwini Hospital,"B.B.Road, Yelahanka",560064,080-28563877
HOS-BLR-248,Dr.Agarwal Hospitals,"15, Eagle Street, Langford Townlangford Town",560025,080-22240736
HOS-BLR-2142,Aditi Hosptial,"Gandhi Square Newpet, Anekal",562106,080-27830090
HOS-BLR-2350,A.M. Hospital,"# 20/1, 2Nd Cross, Widia Layout, Vijayanagar",560040,080-23392851
HOS-BLR-3,Bangalore Baptist Hospital,"Bellary Road, Hebbal, Opp University Of Agricultural Sciences (Near Hebbal Flyower)",560024,080-23330321
HOS-BLR-748,Bhagwan Mahaveer Jain Netralaya,"#3, Railway Platform Road, Sheshadripuram, Policestation Opp. Roadsheshadripuram",560020,080-23462558
HOS-BLR-1060,Bhanu Nursing Home,"69/5B, Bommanahalli, Hosur Rd",560068,080-25732130
HOS-BLR-1655,Bharath Nursing Home,"# 1402, Near Vegitable Market, J.P Nagr 1St Phase, -Kanakapura Main Road",560078,080-26539923
HOS-BLR-1073,Bibi Ayesha Mili Hospital,"242, Old Mysore- Rd, Mysore",570015,0821-2493962
HOS-BLR-5,Nu Hospitals Pvt Ltd,"C.A. 6, 15Th Main, 11Th Cross, Padmanabha Nagar, Near Devgowda Petrol Bunk",560070,080-42489999
HOS-BLR-452,The Bangalore Kidney Stones Hospital,10 Vokkaligara Bhavana Hudson Circle,560027,080-22242080
HOS-BLR-1879,Balaji Hospital,"40/1, J.J.R. Nagar Main Road, K.H. Ranganath Colony",560018,080-28916038
HOS-BLR-2148,Bacc Health Care Private Limited,"No 6/7, Kumara Krupa Road, High Grounds",560001,080-41138255
HOS-BLR-2190,Basavangudi Medical Centre,"84/1, R.V. Road, Basavanagudi",560004,080-26571638
HOS-BLR-1541,Chaitanya Hospital,"No.80, 3Rd Cross, P&T Colony,R.T.Nagar",560032,080-23333581
HOS-BLR-2635,Basavanagudi E.N.T. Care Centre,"44/1, H.B. Samaja Road, Basavanagudi",560004,080-26604569
HOS-BLR-2260,Citi Hospital,"25/91, West Of Chord Road, 20Th Main, 2Nd Block, Rajajinagar",560010,080-23131777
HOS-BLR-836,Chandana Hospital,"#54, 4Th Cross, 4Th Main, Ngefnrupathunganagar, Nagarbhavi",560072,080-23213658
HOS-BLR-7,Chinmaya Mission Hospital,"1/1, C M H Road, Indiranagar",560038,080-25280461
HOS-BLR-8,Chord Road Hospital Pvt Ltd,"100/101,Lic Colony West Of Chord Road",560079,080-67192248
HOS-BLR-1192,Csi-Church Of South India Hospital,"Post Beg No #4, Hazarat Kambal Posh Roadposh Road",560051,080-22861103
HOS-BLR-267,H.C.G. Curie Centre Of Oncology,"No-88 17Th A Main 2Nd Cross 5Th Block Kormangala, Near Sukh Sagar Hotel",560095,080-25538194
HOS-BLR-2115,Columbia Asia Hospital Pvt Ltd,"Kirloskar Business Park, Bellary Road, Hebbal",560024,080-41791000
HOS-BLR-714,Belle Vue'S Cambridge Hospital,"18/17, Cambridge Road, Ulsoor",560008,080-40061111
HOS-BLR-2353,Chaitanya Medical Centre,"# 771/24, Khb , Asector, Yelahanka",560064,080-25972745
HOS-BLR-2389,Chiranjeevi Hospital & Maternity Home,"16Th 2Nd Main, Sri Manjunatha Temple St, Mysore Bank Colony",560050,080-26917676
HOS-BLR-10,Deepak Hospital,"259, 33Rd Cross, Kanakapura Main Road, 7Th Block, Jayanagar",560082,080-26654590
HOS-BLR-9,D.G. Hospital (Devambika Nursing Home),"274 / 275, Mkp Road, Padmanabhanagar, Puttalingaiah Road",560070,080-26696810
HOS-BLR-4944,Divyadrishti Eye Hosptial,"996/22, Service Road, Rpc Layout",560040,080-23145300
HOS-BLR-301,Dr.P.R. Desai Hospital Pvt Ltd,"# 6/6, Kumarkrupa Road, High Grounds, Sivananda Circle",560001,080-22260307
HOS-BLR-268,Dr. Vidyananda'S Surgery & Dia Centre,"2269, 22Nd Cross K R Roadk.R.Road",560070,080-26765771
HOS-BLR-401,Dr.Rudrappa'S Hospital,#5 Rajaram Mohan Roy Corss Road,560025,080-22278788
HOS-BLR-921,Dr.Sattur'S Hospital,"# 111, West Of Chord Road, Mahalaxmipuram",560086,080-23490162
HOS-BLR-2624,Sita Bhateja Speciality Hospital,"# 8&9, O Shavghnessy Road, Long Ford Gardens",560025,080-40302700
HOS-BLR-654,Dr.Zamindar'S Microsurgical Eye Centre,"#1013,1St Block,3Rd Cross,Hrbr Layout, Banaswadi 100Ft Road",560043,080-40900562
HOS-BLR-1535,Rotary Eye Hospital (A Unit Of Bangalore North Rotary Trust),"68Th Cross 10 A Main, 5Thblockrajajinagar",560010,080-23104020
HOS-BLR-269,Diagram Health Care,"4, R.M.V.Extensionmekhri Circle",560080,080-23613388
HOS-BLR-664,Gangothri Hospital,"#27, Kuvempu Nagar, (Btm.Layout)100 Ft Ring Road",560076,080-26682734
HOS-BLR-11,Garden City Hospital,"No.132/18, 22Nd Cross, 3Rd Block, Jayanagar",560011,080-26646202
HOS-BLR-12,Gayathri Hospital Pvt Ltd,"91, Magadi Chord Road, Vijayanagar",560040,080-23355201
HOS-BLR-615,Geetha Hospital,"Old Madras Road, Ramapura Crossnear Cipla Factory",560049,080-25913935
HOS-BLR-974,Geetha Nursing Home,"Vani Vilas Road, Basavanagudi",560004,080-231882139
HOS-BLR-1276,Greenview Healthcare Pvt. Ltd,"# 20 & 21, 14Th Main, Hsr Layout, Sector, Opp. Agara Lake",560034,080-25634563
HOS-BLR-562,Hitech Kidney Stone Hospital,"6/7, Cresent Road, Crosshigh Grounds",560001,080-51136035
HOS-BLR-14,P.D. Hinduja Sindhi Hospital,"12Th A Cross,Sampangiram Nagar",560027,080-49060600
HOS-BLR-15,Hosmat Hospital,"No-45, Magrath Road, Off Richmond Road",560025,080-25593796
HOS-BLR-786,Jayashree Nursing Home,No 4 4 Th Cross Kumara Park,560020,080-23440981
HOS-BLR-16,J.P.Hospital,#4516 B H Road Nelamangala Rural,562123,080-27722165
HOS-BLR-2162,Jai Maruthi Hospital,"#208 & 210, Hegganahallimain Road",560091,080-28361097
HOS-BLR-18,K.R. Hospital,"979, 25Th Main Road, Bsk 1St Stage 50 Feet Road, Hanumanthanagar",560050,080-26755800
HOS-BLR-1285,K.K. Hospital,"No 9, A1, A2, Opp M.E.C School, A Sector Yelahanka New Town",560064,080-28461933
HOS-BLR-1616,Kamala Nursing Home,"# 1077,14Th Main Hanumanthanagar",560019,080-26607445
HOS-BLR-270,Karthik Netralaya Institute Of Ophthalmology Private Limited,"#89, 6Th Cross, Ashok Nagar, N.R.Colony, 5Th Cross, Bsk 1St Stage",560050,080-26674399
HOS-BLR-288,Keerthana Nethralaya,No 2 B G Road Nelamangala,562123,080-27722051
HOS-BLR-1987,Ketham'S Hospital Pvt Ltd,"#51/2, Nanjappa Main Road, Vidyaranyapura",560097,"080-25566738, 28386118"
HOS-BLR-390,Koshys Hospital,"T.C Palya, Main Road, Raghavendra Nagar",560016,080-25658011
HOS-BLR-1298,Kruthika Hospital,Nanjappa Vidyaranyapura Mainroad,560097,080-28385111
HOS-BLR-2065,Kumar Nethralaya,#562 Rajajinagar 2Nd Block Near Rajkumar Road Esi Hospital,560010,080-23424844
HOS-BLR-19,Lakeside Medical Centre,33/4 Meanee Avenue Road,560042,080-25566738
HOS-BLR-1588,Lalitha Kidney Stone Centre,"#24, East End 'D' Main, Jayanagarjayanagar 9Th Block",560069,080-65651555
HOS-BLR-20,Lokhande'S Hospital,"#3, Ac902, 3Rd Cross. 9Th Amainhrbr Layout, Kalyannagar.Hrbr Layout, Kalyananagar",560043,080-25456222
HOS-BLR-2117,Lakshmi Maternity Home,"# 95, 96, Margosa Road, Malleshwaram",560055,080-23347276
HOS-BLR-2041,Lakshmi Nursing Home,"#567, Chokkasandra, Tumkur Road T-Dasarahallit.Dasarahalli",560057,080-28396992
HOS-BLR-2229,Leela Hospital & Diagnostic Centre,"#133, 10Th Cross, Margosa Road, Malleswaram",560003,080-23311194
HOS-BLR-1345,M.G.A. Hospital,"#96, Varthur Main Roadmarathahalli",560037,080-25232264
HOS-BLR-21,M.S. Ramaiah Memorial Hospital,"Msrit Po, New Bel Road, Msr Nagar",560054,080-22183493
HOS-BLR-254,Maharaja Agrasen Hospital,"15Th Main, Padmanabha Nagar",560070,080-26393361
HOS-BLR-23,Mallige Medical Center,"31/32, Crescent Roadhigh Grounds",560001,080-22203333
HOS-BLR-24,Mallya Hospital,"# 2, Vittal Mallya Road",560001,080-22277979
HOS-BLR-659,Mamta Hospital,"# 12, D. Rajagopal Road, Amar Jyothi Layout, Next To Food World, Nagashetty Halli, Sanjay Nagar",560094,080-23415836
HOS-BLR-294,Manasa Hospital,No 149 15Th Main Iv Blockiii Stage Basaveswaranagar,560079,080-23235599
HOS-BLR-4913,Mirlay Eye Care,"No. 9, St. John'S Church Road, (Opp. St John'S Community Center) Next To Bharathi Nagar Police Station, Bharathi Nagar",560005,080-25558414
HOS-BLR-500,Mangal'S Nursing Home,"1152, 3Rd Main, 6Th Cross, K.N Ext Yashavanthapur",560022,080-23472725
HOS-BLR-1667,Manjunatha Maternity Home & Surgical Centre,"90/1, West Park Road, Malleshwaram",560055,080-23341332
HOS-BLR-4942,Akshay Mallya Hospital,"Varthur Main Road, Marathalli",560037,080-65658127
HOS-BLR-1193,Manjushree Nursing Home Pvt Ltd,"#22/70, St. John'S Road",560042,080-25365325
HOS-BLR-1773,Mathru Hospital,"No.2094, Railway Parallel Road, Kengeri Satellite Town",560060,080-28484238
HOS-BLC-785,"Matru Nursing Home And Trauma Care Center,","425/A, 6Th Main, 3Rd Sta3Rd Block, Basaveshwarnagar",560079,080-23237926
HOS-BLR-2143,Sri Maruthi Nursing Home,"# 37/8, Bagalagunte Bus Stop, Hesaraghatta Main Roadhesaraghatta Main Road",560073,080-28376961
HOS-BLR-2322,Mathru Shree Hospital,"#33, Mei Colony, Laggere Main Road, Laggere",560058,080-28396389
HOS-BLR-25,Namratha Nursing & Maternity Home,"No.158, 6Th Main, 2Nd Stage, 2Nd Phase, West Of Chord Road, 6Th Main",560086,080-23595433
HOS-BLR-249,Narayana Hrudayalaya Pvt Ltd,"258/A, Bommasandra Industrial Area Anekal Taluk, -Area, Anekal Taluk",560099,080-27835000
HOS-BLR-26,Narayana Nethralaya,"C-121, Chord Road, Rajajinagar 1St R Block.R Block",560010,080-66121312
HOS-BLR-864,Nayak Hospital,"3367, 5Th Cross, Gayathri Nagar.Gayathri Nagar",560021,080-23327111
HOS-BLR-937,Neha Prakash Hospital,"# 8, 6Th Main Road, 5Th Phase, Rail -Weel Factory Yelahanka New Townyelahanks New Town",560064,080-28565696
HOS-BLR-81,Nethradhama Hospitals Private Limited,"256/14, Kanakapura Main Road, 7Th Block Jayanagar, -7Th Block, Jayanagar",560082,080-26633533
HOS-BLR-1659,Oxford Hospital,"# 1364, 41St Main Sarakki Gatekanakapura Road, J.P. Nagar",560078,080-26635880
HOS-BLR-453,Padmavathi Hospital,"#67/1, Hvr Complex, Magadi Road",560072,080-23289571
HOS-BLR-250,Panacea Hospitals Private Limited,"#334, Dr. Sidhdajah Puranik Road, 3Rd Stage, 4Th Block, Basaveshwaranagar, -Basaveshwaranagar",560079,080-23235577
HOS-BLR-1795,Patil Hospital,"#42-B1, Below Synicate Bank, Sri Thimmappa Complex, Old Madras Road, Krishnarajapuram.- 5600036",560036,080-32003633
HOS-BLR-27,Prabha Eye Clinic,"No.504, 40Th Cross, 8Th Block, Jayanagar, Jayanagar",560070,080- 26659595
HOS-BLR-1638,Prasad Eye Hospital,"# 11, Krishna Nagar, Hosur Main Road",560029,080-41106887
HOS-BLR-1301,Prasad Hospital,"#1494, B.H. Road Nelamangala Town",562123,080-27722112
HOS-BLR-2098,Pranav Hospital,"Annaiah Reddy Layout, Ramurthy Nagarramamurthy Nagar Main Road",560043,080-25458150
HOS-BLR-2422,Pradnya Nethralaya,"#4, 6Th Cross Dinnur Road Ganesha Block Rt Nagar Opp White House Apartments",560032,080-23431020
HOS-BLR-678,Radhakrishna Multispeciality Hospital,"No. 3-4, Sun-Rise Towers J.P. Road,  Girinagar",560085,080-26422977
HOS-BLR-302,Rajalakshmi Multi Speciality Hospital,"76-1-1, Sarakki Main Road. 1St Phase",560078,080-22440729
HOS-BLR-291,Rajmahal Vilas Hospital,"No.138, Aecs Layout Sanjaynagar",560094,080-23417077
HOS-BLR-28,Rajshekar Hospital,"#21, 9Th Cross, 1St Phase, (Sarakki Layout)J.P. Nagar, -Jp Nagar",560078,080-26642164
HOS-BLR-90,Rashmi Hospital,"190,Double Road,Indiranagar 2Nd Stage",560038,080-25251573
HOS-BLR-30,Ravi Kirloskar Memorial Hospital,"19, 2Nd Main Road 1 Phasepeenya Industrial Area",560058,080-42602431
HOS-BLR-31,Republic Hospital,"5, Langford Garden",560025,080-22215761
HOS-BLR-2090,Reddy Hospital,"#1590, East End Main Road, 39Th Block Jayanagarcross, 9Th Block, Jayanagar",560069,080-22454706
HOS-BLR-2161,Re-Life Hospital,"# 13, Lalbagh Main Road, 3Rd Cross",560027,080- 22105221
HOS-BLR-746,S.J.Hospital,"#2, Ngef Layout, Sanjayanagar Main Rod, Opp To Vaibhav Theatre",560094,080-23416836
HOS-BLR-1270,S.K. Hospital,No-3 1St Cross Jnanabharati Road,560072,080-23213699
HOS-BLR-247,Sagar Hospitals,"44/45, 30Th Cross, Tilaknagar",560041,080-42888888
HOS-BLR-89,Sahana Hospital,"143, 2Nd Main, 7Th Cross, Kengeri Satellite Town",560060,080-69563544
HOS-BLR-1171,Sai Jyoti Nethra Seva,"11, Ulsoor Tank Roadnear Meg Gate",560042,080-25309008
HOS-BLR-32,Santosh Hospital,"6/1, Promenade Roadbehind Coles Park",560005,080-25367706
HOS-BLR-328,Saraswathi Hospital,"39, 17Th C Cross8Th B Main, Bsk 2Nd Stage",560070,080-26760363
HOS-BLR-839,Sarojini Hospital,"#39/2 Yash Avenue,8Th Mile Circle,Nh-4, T.Dasarahalli",560057,080-28396739
HOS-BLR-863,Sathya Hospital,"# 45, C.Ramaiah Layout, Kammanahalli Main Road St.Thomas Town Postkamanahalli Main Road",560084,080-25443604
HOS-BLR-33,Shaker Nursing Home,"#260, Sampige Road, Near 17Thcrossmalleshwaram",560003,080-23345901
HOS-BLR-325,Shanbag Hospital (Unit Of Ananya Hospital Pvt Ltd),"#6, Thimmiah Layout, 1St Main2Nd Block, Basaveshwaranagar",560079,080-23222894
HOS-BLR-316,Shekar Nethralaya Superspeciality Eye Hospital,"No 633, 100Ft Ring Road, J.P.Nagar 3Rd Phase",560078,080-26593210
HOS-BLR-35,Shekhar Hospital,"81, Bull Temple Road",560019,080-22421144
HOS-BLR-2097,Sukruthi Eye Care Microsurgical Centre,"148, Xi Cross, Vyalikaval, Malleswaram 11 Th Crossmalleswaram",560003,080-23566251
HOS-BLR-1381,Shirdi Sai Hospital Pvt Ltd,"#519, 2 Main Nethravathi St, Near B E L Road",560054,080-57654400
HOS-BLR-537,Shushrusha Nursing Home,"B.B.Road, Yelankha",560064,080-28460057
HOS-BLR-1289,Sneha Nursing Home,"# 76/1, 11Th Cross, West Of Chord Road Mahalakshmi Puramweest Of Chord Road",560086,080-23597691
HOS-BLR-1529,Sri Krishna Hospital,"# 154, 29Th Cross, 17Th Mainbanashankari 2Nd Stage",560070,080-26711212
HOS-BLR-36,Sri Raghavendra Hospital,"13/4, T. Dasarahalli, Tumkur Roadtumkur Road",560057,080-4256646
HOS-BLR-439,Sri Ram  Hospital,162 4Th Main 1St Cross Opp Post Officeviveknagar,560047,080-25714323
HOS-BLR-1123,Sri Sai Ram Hospital,"# 33, Bannerghatta Road (Service Road) B.T.M.Layoutb.T.M. Layout 2Nd Stage",560076,080-41202341
HOS-BLR-1014,Sri Vinayaka Hospital,"1222, 80 Feet Road, Chandra Layoutchandra Layout",560040,080-23398062
HOS-BLR-271,Srinivasa Cardiology Centre Private Limited,Millers Road,560050,080-41999401
HOS-BLR-524,St.John'S Medical College  Hospital,"Johnnager, Koramangala.Koramangala",560034,080-22065173
HOS-BLR-987,St.Martha'S Hospital,"No.5, Nrupathunga Road",560001,080-40128200
HOS-BLR-745,Spatica Super Speciality Hospital,"No. L-168, Fernhills Apartment, 6Th Sector, Ring Road, Hsr Layout",560034,080-41108300
HOS-BLR-0,M/S Sudharshana Nethralaya,"#452, Rs Plaze, Sampige Road, Malleshwaram",560003,080-32719976
HOS-BLR-672,Sunayana Eye Hospital,"#1156, 26Th Main, 4Th T Block, Jayanagar",560041,080-22442356
HOS-BLR-528,Sumathi Nursing & Maternity Home & Surgical Gastroenterology Centre,"#426/12, 2Nd Cross, Mathikere Layout",560054,080-23372762
HOS-BLR-1102,Sundar Hospital,"#1&2, Hennur Main Road, Lingarajpuram",560084,080-25478586
HOS-BLR-1532,Sunetra Eye Hospital,"# 519/34, 2Nd Cross, 10Th Main, Banashankari 1St Stage",560050,080-22410500
HOS-BLR-749,Supra South City Hospital,"# 2, Chandra Complex, J.P.Nagar 7Th Phase Puttenahalli7Th Phase, J, P Nagar",560078,080-26634617
HOS-BLR-1195,Mahaveer Eye Hospital Pvt Ltd,"#2, Sirurpark Road, (Behind Nataraja Theatre)Sheshadripuram",560020,080-23562211
HOS-BLR-978,Suresh Hospital,"# 723/B, 3Rd Block, Esi Hospital Road Rajajinagar",560010,080-23382867
HOS-BLR-2019,Subash Medical Centre,"#1678/252, B.M. Road, Bidadi",562109,080-23208868
HOS-BLR-2241,Suprabha Maternity & Medical Centre,"170, 12Th Cross I Main, Mahalaxmi Layout",560086,080-23593832
HOS-BLR-2232,Sri Sai Eye Hospital,"# 311 4B Cross,Ramamurthynagar",560016,080-25658459
HOS-BLR-2277,S.B. Medical Centre (Ideal City Hospital),"No.1 & 2, Balagi Homes, Vinayaka Nagar Road, Bagalur Cross, Opp.Astra Zenica(Rear Gate), Yelahanka",560064,9945072008
HOS-BLR-2434,Seventhday Adventist Medical Centre,"8, Spencer Road, Frazer Town",560005,080-25302839
HOS-BLR-2550,S.G. Hospital,"#30, Anjaneyanagar Ittamadu Main Road Bsk Iii Stage",560085,080-26723002
HOS-BLR-2579,St. Theresa'S Hospital,"1St Block, Rajkumar Road, Rajajinagar",560010,080-23472772
HOS-BLR-635,Tandon Eye Clinic,"#39, 7Th Cross, Vasanthnagar",560052,080-22256115
HOS-BLR-37,The Bangalore Hospital,"#202, R.V.Road, Near Southend Circle",560004,080-41187600
HOS-BLR-4867,Radha Maternity & Surgical Hospital,"#71, Mill Road, Cottonpet",560053,080-26702006
HOS-BLR-1555,The Eye Surgical Centre,"# 1032, Sai Deep, 20Th Main, 5Th Block, Rajaji Nagar",560010,080-23309722
HOS-BLR-1369,Sri Eye Care Laser & Surgical Center,"#98, 98-4.Khm Block, 1St Main, Ganganagar, Main Road, Ganganagar",560032,080-23338502
HOS-BLR-1214,Tirumalai Eye Clinic,"# 320/B, 9Th Main, 5Th Block Jayanagarjayanagar",560041,080-26630974
HOS-BLC-620,Trinity Hospital & Heart Foundation,"# 27, Rammandir Road, Near R.V. Teacher'S College Circle, Basavanagudi.Basavanagudi",560004,080-41503434
HOS-BLR-2217,Udhbhava Hospital,"14, 100Ft Ring Roaf, Banashankari 3Rd Stage",560085,080-26693032
HOS-BLR-272,V.S.Specialist Medical Centre And Neurological Research Institute,"196, 10Th Cross, Wilson Gardenswilson Garden",560027,080-22239433
HOS-BLR-1539,Vaidyam Hospital,"# 851/D, 60Th Cross, 5Th Block, Rajajinagagar",560010,080-23353525
HOS-BLR-273,Venlakh Hospital,"123, 5Th Main Roadchamarajpet",560018,080-26508118
HOS-BLR-1770,Vidya Eye Hospital,"47/E, 15Th Main, M.C Road, Vijayanagar",560040,080-23389854
HOS-BLC-1092,Vijai Hospital,"1St Main Raod 2Nd Cross Pai Lay Out Old Madras Roadpailayout, Old Madras Raod",560016,080-28511011
HOS-BLR-1215,Vasan Eye Care Hospital,"No-5, 20Th Cross, Malagala Under Pass Ring Road Nagarabhavi 2Nd Stage, Bangalore 560091, Karnataka",560091,"080-23183834,32988644"
HOS-BLR-1278,Vijaya Hospital,"#13, 6Th Cross, T.Dasarahalli Main Road T.Dasarahalli, Near Nh",560057,080-28378265
HOS-BLR-527,Vittala International Institute Of Ophthalamology,"C.A. Sete No.1, 2Nd Cross, 7Th Block, Bsk 3Rd Stage, Banashankari",560085,080-26722214
HOS-BLR-1775,Vivekananda Hospital,"# 200, B.U.S. Complex, Bannerugatte Road, Billekahaly",560076,080-30614826
HOS-BLR-2014,Vijaya Ent Care Centre,"# 1, 9Th Cross, Malleswaram",560003,080-23311837
HOS-BLR-2527,Varalakshmi Hospital,"# 38/2, 2Nd Main Road, Madiwala New Extension",560068,080-25539565
HOS-BLR-38,Fortis Hospitals Ltd,"#14, Cunningham Road",560052,080-41994481
HOS-BLR-39,Yellamma Dassappa Hospital,"25, Andree Road, Shanthi Nagar",560027,080-2225642
HOS-BLR-2680,Rajnandini Hospital,"#3, 6Th Cross, Kanankunte, Old Bank Colony",560062,080-26323778
HOS-BLR-2717,Siddhi Eye Care Centre,"# 229, 7Th Cross, 1St Stage, Indiranagar",560038,080-25257125
HOS-BLR-2888,N.R.V. Hospital,V.N.Cros Opp Reliance Petrol Pump B.B. Road,562157,080-28467855
HOS-BLR-2811,Padmabhushan Dr. M.C. Modi Eye Hospital,"Dr. M.C. Modi Road, Mlp Layout",560086,080-40869555
HOS-BLR-2824,Medi-Tech Multispeciality Hospital,"# 795/1, Bsk 1St Stage, 2Nd Block, Hanumanthanagar",560050,080-26509874
HOS-BLR-3202,Kaveri Speciality Hospital,"#15/2, 4Th Cross, Hosur Main Road, Madiwala",560068,080-25537036
HOS-BLR-3223,Mysore Road Hi-Tech Hospital,"No:17, Panthrapalya, Nayandahalli Busstop",560039,080-28602613
HOS-BLR-3257,Punasru Hospital,"Mpm Layout, Opp Ambedkar Engg. College, Nagarabhavi Main Road",560056,080-23218872
HOS-BLR-3226,Ramakrishna Nursing Home,"No:79/18, I St Cross, Vith Main Road, G.D.Park Extension, Vyalikaval",560063,080-23367159
HOS-BLR-3216,Sri Ram Nursing Home,"19 & 56, 6Th Cross, 17Th Main, Muneshwara Block",560026,080-26747011
HOS-BLR-3258,Sri Sai Clinic & Maternity Home,"#652, 46Th Cross A 3Rd Block, Rajajinagar",560010,080-23351958
HOS-BLR-3292,Bangalore Eye Hospital & Retina Centre,"4C, 426 4Th Cross, 2Nd Block, Kalyannagar",560043,080-25421333
HOS-BLR-3311,Abhilash Hospital & Sara Rehabilitation Centre,"#271, 1Ooft Ring Road, 5Th Block, 3Rd Phase, 3Rd Stage, Banashankri",560085,080-26697114
HOS-BLR-3329,Sparsh Hospital For Accidents & Orthopaedics & Plastic Surgery,"29/P2, Health City, Hosur Road, Bommasandra Ind Area",560099,080-33271014
HOS-BLR-3336,Vathsalya Speciality Hospital,"#565, 3Rd Stage, 4Th Block, Basaveshwaranagar",560079,080-23239732
HOS-BLR-412,Hcg Double Road,"#44-45/2, 2Nd Cross, Raja Ram Mohan Roy Extension.Lalbagh Road",560027,080-22225644
HOS-BLR-1633,Jayanagar Orthopaedic Centre,"# 24/1-1, 14Th Main, 4Th Block East, Jayanagar",560011,080-26632735
HOS-BLR-340,Karanth Speciality Hospital,"#307, 100Ft Ring Road, Btm Layout Last Bus Stop.100 Feet Ring Road, B.T.M",560068,080-26680886
HOS-BLR-2930,Sri Vivekananda Sevashrama,"#39, 8Th B Main Raod, Bsk 2Nd Stage",560070,080-26766996
HOS-BLR-1860,Vishwabharathi Hosptial (P) Ltd,"10/4 & 10/5, 3Rd Main Road, Hanumanthnagar",560019,080-26521898
HOS-BLR-274,Vinayaka Hospital,"#110, 80Ft. Road, S>B>M? Colony, Bsk 1St Stage, Hanumanthanagarhanumanthanagar",560050,"080-26764148 , 26796167"
HOS-BLR-2696,Vagh Eye Centre,"73/1-2, 1St Floor, Infantry Road",560001,080-25584156
HOS-BLR-245,Manipal Hospital,"#98, Rustam Bagh, Old Airport Road, Vimanapura, Bangalor",560017,080-25024444
HOS-BLR-2744,Dr. Varma'S Jyothi Prasad Nursing Home Pvt Ltd,"#4, Sfhs, Nandhini Layout",560096,080-23595649
HOS-BLR-2298,Saikrupa Hospital For Women & Surgical Centre,"20Th B Cross, Marenahalli Main Road, Vijayanagar",560040,080-23116492
HOS-BLR-1112,Swathi Galaxy Hospital,"#1764, 14Th Main, 1St Stage, Kumaraswamy Layout, -, Kumaraswamy Layout Police Station Road",560078,080-22908291
HOS-BLR-1093,Spandana Nursing Home,"# 546/46, 6Th Main, 4Th Blockrajajinagar",560010,080-23353500
HOS-BLR-3364,Amrik Nethralaya,"#346, Hrbr 1St Kalyan Nagar, 4Th Cross, 7Th B Main",560043,080-25424714
HOS-BLR-1854,Dr.Natesh E.N.T & Surgical Care Centre,"# 8/45, 80 Ft Rd, Sbm Colony, Bsk Ist Stage, City -Banashankari 1St Stage, ",560050,080-26722602
HOS-BLR-1590,Deepa Hospital,"# 27, Old Madra Road K.R. Puram Ext",560036,080-30911166
HOS-BLR-574,Divakar'S Speciality Hospitals,"No.220, 9Th Cross, J.P.Nagar 2Nd Phase",560078,080-41209550
HOS-BLR-3339,Supriya Hospital,"# 15/1, Ayyappaswamy Temple Road, Prakashnagar",560021,080-23522366
HOS-BLR-472,Lakshmi Hospital,"402, 2Nd Cross Judges Colony",560032,080-23333241
HOS-BLR-2010,Manjushree Hospital,"# 91, Kavalbyrasandra, Dr. A.M.C. Road, R.T.Nagar, Opposite P&T Quatres",560032,080-23632781
HOS-BLR-1945,Mamatha Hospital,"# 1538, 39Th Cross, 4Th Block, Jayanagar",560041,080- 26542060
HOS-BLR-1661,Meenakshi Ent Speciality Centre,"# 2232, 23Rd Cross, Banashankari Ii Stagebanashankari 2Nd Stage, ",560070,080-26764621
HOS-BLC-399,Sri Sai North Side Hospital,"No 8, G -Block, Near Big Market, Sahakar Nagar, 60 Ft Roadsahakarnagar",560092,080-23620844
HOS-BLR-2915,Vinayaka Nethralaya,"#68, 100 Feet Ring Road, Btm Layout",560076,080-26685891
HOS-BLR-3110,Prashantha Hospital,"# 90/D, Bommanahalli Circle, Hosur Road",560068,080-41503714
HOS-BLR-3392,Rajarajeshwari Medical College And Hospital,"Rajarajeshwari Medical College, Kambipura",560074,080-57661805
HOS-BLR-3382,Hcg Hospitals,"11/2, Magadi Main Road, Agarahara Dasarahalli, Bangalore-560079",560079,080-43108100
HOS-BLR-3414,Ashwini Nursing Home,"#9, 1St A Cross. T.C. Palya Main Road, Akshyanagar, Ramamurthy Nagar",560016,080-26991286
HOS-BLR-3407,Devi Super Speciality Eye Hospital Private Limited,"#434, 18Th Main, 80 Feet Road, 6Th Block Bus Depot. Block, Koramangala.",560095,080-25630563
HOS-BLR-3400,Padmashree Nursing Home & Maternity Home,"1108/30, 10Th Main 4Th Cross, Rpc Layout, Vijayanagar",560040,080-23384138
HOS-BLR-3419,Sreenagar Nursing Home,"#855, Ramanjaneya Main Road, Sreenagar",560050,080-22428830
HOS-BLR-3402,Soukya Hospital,"#17, N.T.I Layout, Vidyaranyapura Main Road",560097,080-23642029
HOS-BLR-3401,Vydehi Institute Of Medical Science & Research Centre,"# 82, Epip Area, White Field",560066,080-28413381
HOS-BLR-3434,B.G. Hospital,"Mayamma Thimmappa Complex, Tumkur Road, Anchepalya",560073,080-28392033
HOS-BLR-3466,R.C. Hospital,"#484/A, Ideal Homes Township, Rajarajeshwari Nagar",560098,080-28603060
HOS-BLR-3468,Sri Rama Nursing Home,"34 & 35, Sanjeevappa Lane, Cubbonpet",560002,080-22216630
HOS-BLR-3469,Spurthy Hospital,"# 22, 1St Main Chocolate Factory Road, Tavarekere Btm 1St Stage",560029,080-26844042
HOS-BLR-3422,Trupti Nursing Home,"# 463, 1Block, 3Rd Stage, Basaveshwar Nagar",560079,080-23220269
HOS-BLR-3517,Manipal Polyclinic & Nursing Home,"#291, Main Road, Ramamurthy Nagar",560016,080-25909853
HOS-BLR-3513,Sri Maruthi Hospital,"# 50, Kondappa Garden, Kogilu Road",560064,080-28571526
HOS-BLR-3543,Green City Hospital,"No.726, 17Th Cross, 4Th Phase, J P Nagar",560078,080-26536222
HOS-BLR-3588,Sree Lakshmi Hospital,"21St Cross, Kaggadasapura Main Road, C.V.Raman Nagar Post",560093,080-41676336
HOS-BLR-3586,Fortis Hospitals Ltd,"No.154/9, Bilekahalli, Bannergatta Road",560076,080-66214444
HOS-BLR-3600,Sree Ranga Hospital,"No.1/7, 1St Floor, Nagadevanahalli Bus Stop, Kengari Post",560056,080-26602718
HOS-BLR-3594,Genesis Hospital,"Airport Road, Marathahalli",560037,080-25917427
HOS-BLR-3628,Sri Vinayaka Nursing Home,"No.3033, 8Th Main, 80 Feet Road, Hal 2Nd Stage",560008,080-25281044
HOS-BLR-3691,Thirumala Hospital,"No.18/3/4, Ward No.17, Kamakshipalya, Magadi Road",560079,080-64500100
HOS-BLR-3601,Avadhani Nethralaya,"No.33, 1St Floor, Patalamma Temple Street, Basavanagudi",560004,080-26575305
HOS-BLR-3611,Sri Thirumala Hospital,"Smr Arcade, S.M.Road, Jalahalli Cross, T.Dasarahalli",560057,080-65985785
HOS-BLR-3702,Sri Venkateshwara Hospital,"1St Main Road, Peenya 2Nd Stage",560058,080-28361441
HOS-BLR-3796,Kamala Nethralaya,"No.81, 7Th Cross, 4Th Block, Near Bda Complex, Koramangala",560034,080-25526944
HOS-BLR-3776,Retina Institute Of Karnataka,"No.122, 5Th Main Road, Opp To Osteen College",560018,080-22410106
HOS-BLR-3862,Aeinullah Eye Hospital,"#90, Austin Town Layout, Near B.D.A Shopping Complex",560047,080-25565144
HOS-BLR-3830,Laser Vision Netralaya,"#157, Defence Colony, 4Th Main Indiranagar",560038,080-25292759
HOS-BLR-3823,North Star Maternity & Nursing Home,"#4, Sarakki Industrial Estate, 3Rd Phase, J.P.Nagar, Bannerghatta Road",560076,080-26583903
HOS-BLR-3801,Punar Jyoti Eye Hospital,"No.37, Next To Ganesha Temple, Near Cubbonpet Market, Cubbonpet Main Road",560002,080-41140307
HOS-BLR-3874,Suguna Hospital,"1A/87, Dr. Rajakumar Road, 4Th N Block, Rajajinagar",560010,080-40194444
HOS-BLR-3080,Vijayanagar Global Hospital,"#46, 17Th Cross. M.C. Road",560040,080-2342442
HOS-BLR-1033,Sri Ram Hospital,"#107/2, K.R. Puram Nishvasaha Centre, Old Madras Road, -5600036",560036,080-25610988
HOS-BLR-4283,Dr.Ramchandra Hospital,"# 30, Hasaragatta Road, T.Dasarahalli, Near 8Th Mail Circle",560057,080-28372888
HOS-BLR-1626,Shreya Hospital,"# 73, 6Th Cross, 3Rd Main, Kengeri Satellite Town, ",560060,080-28482958
HOS-BLR-2018,R.R. Hospital & Trauma Center,"11/2, 8Th Cross, 100 Feet Ring Road, Gangadhar Nagar, J.P. Nagar, -Gangadhar Nagar, J.P.Nagar",560078,080-26718785
HOS-BLR-1654,Y.K. Hospital,"C A Plot 65 Ring Road, Jiganiindustrial Area",562106,08110-414397
HOS-BLR-4689,M.S.Ramaiah Narayana Hrudayalaya Heart Centre,"New Bel Road, Msr Nagar, Msrit Post",560054,080-22183650
HOS-BLR-4695,Padma Devaiah Hospital & Research Centre,"19/1, 19Th Cross, Bhuvaneshwari Nagar",560023,080-23145046
HOS-BLR-4780,Gurukripa Health Care Centre,"#30, 1St Floor, Galeyara Balaga Bus Stop, Mahalaxmipuram",560086,080-23492619
HOS-BLR-4761,Divine Speciality Hospital,"#110, 6H Main, I.T.I Layout, Benson Town Post",560046,080-23530333
HOS-BLR-4685,Lakshmi Nursing Home,"#86, 2Nd Main Road, Seshadripuram",560020,080-23670610
HOS-BLR-4688,Chinmayi Hospital,"#34, Brindavan Layout, Subramanyapura Main Road",560061,080-26394455
HOS-BLR-4691,Sankara Eye Hospital (Sri Kanchi Kamakoti Medical Trust),"Kundalahalli Gate, Vartur Main Road",560037,080-28542727
HOS-BLR-4777,Suraksha Nursing Home,"#9, 1St A Cross, T.C.Palya Main Road, 2Nd Block Akshaynagar, R.M.Nagar",560016,080-32422362
HOS-BLR-4706,Meridian Medical Centre,"#14, Standage Road, Off Frazertown",560005,080-40608000
HOS-BLR-4223,Hcg M.S.Ramaiah Curie Center Of Oncology,"M.S.R. Nagar, M.S.R.I.T, Post",560054,080-22182929
HOS-BLR-887,Bhagwan Mahaveer Jain Hospital,"No.17, Millers Road, Vasanthnagar",560052,080-22207640
HOS-BLR-4,Bhagwan Mahaveer Jain Heart Centre( A Unit Of Srinivasa Cardiology Centre Pvt Ltd),"#8, Millers Tank Bund Road Near Cantonment Railway Station",560052,080-41999328
HOS-BLR-1421,Shekhar Hospital,"# 942, 28Th Main, 9Th Blockjayanagar",560069,080-22454223
HOS-BLR-2782,Mysore Hospital,"#35/6, Industrial Subued, Gurgentepalya, Yeshwanthpur",560022,080-22900049
HOS-BLR-3187,Shanmuga Nursing Home,"#9/8, Sulthanpalya Main Road",560032,080-22924827
HOS-BLR-3844,International Hospital Ltd (A Fortis Network),"111, West Of Chord Road, Mahalaxmi Puram Opp Rajajinagar First Block",560086,080-23004109
HOS-BLR-3845,Fortis Hospitals Ltd,"No.23, Gurukrupa Layout, Nagarbhavi 2Nd Stage23",560072,080-23014100
HOS-BLR-4517,Cauvery Orthopaedic Centre,"#408, 20Th Main, W.O.C.Road, 1St Block, Rajajinagar",560010,080-23125577
HOS-BLR-4615,Akshaya Nethralaya,"#227/A, Vidyagiri Layout N Exit O Axis Bank Nagarbhavi Circle",560072,080-23390350
HOS-BLR-34,Sharavathi Hospitals (P) Ltd,"1133/F, 30 Feet Service Road, R P C Layout, Vijaynagar 2Nd Phase",560040,080-23300222
HOS-BLR-4625,Varalakshmi Nursing & Maternity Home,"#2944/2945, 2Nd Stage Rajajinagar",560010,080-23321866
HOS-BLR-4569,Acharya Tulsi Jain Hospital,"Mom(M)W6-P-6, #22/2-1, 6Th Cross, K.N Extension",560022,080-23374677
HOS-BLR-769,Dr.Rao'S Maternity Hospital,"370/371, 6Th Phase I Stage, 60 Feet Road, West Of Chord Road",560044,080-23381982
HOS-BLR-4335,Gurushree Hi-Tech Multi Speciality Hospital,"#1558, Opp To Chandra Layout Bus Stand",560040,080-23392641
HOS-BLR-4122,Sri Sai Krupa Hospital,"#19/A, Opp Lic, Mathikere Main Road",560054,080-23471367
HOS-BLR-88,Subbiah Hospital (A Unit Of Shirdi Sai Hospital Pvt Ltd),"31, M.S.Ramaiah Road, Mathiker",560054,080-23603760
HOS-BLR-4453,Raksha Multispeciality Hospital,"#141/142, 1St Main, Police Quarters, Khb Colony, Nandini Layout",560096,080-23747100
HOS-BLR-4143,Navashakthi Nethralaya Pvt Ltd,1332 Double Road Indiranagar,560038,080-25289669
HOS-BLR-3967,Chaya Hospital ( A Unit Of Chaya Healthcare Pvt Ltd),"# 6C-335, 4Th Main, 6Th Cross, Ombr Layout, Bhuvanagiri",560043,080-25426030
HOS-BLR-4401,F.M.Eye Clinic & Surgical Centre,"43-B, Robertson Road, Hains Main Road, Fraser Town",560005,080-25482067
HOS-BLR-4186,Shri Vinayaka Nethralaya,"#78, Nagaraj Complex, Hosur Main Road, Madiwala",560068,080-25525932
HOS-BLR-449,St. Philomena'S Hospital (Society Jesus Mary Joseph & St.Stanislaus Convent),#4 Campbell Road Behind Lifestyle,560047,080-40164527
HOS-BLR-1658,Hill Side Hospital,"# 113, 4Th Cross, R.K. Layout, 2Nd Stage, Padmanabha Nagar",560070,080-26392911
HOS-BLR-4291,Ramesh Eye Clinic & Ophthalmic Micro Surgical Centre,"#26, Sajjan Rao Road, V.V.Puram",560004,080-26506611
HOS-BLR-841,Dr.B.V.Venugopal Bharath Nursing Home,"No.1402, Sarakki Gate, Kanakapura Main Road",560078,080-26539923
HOS-BLR-3084,Adithi Maternity And General Nursing Home,"#78, Omkarnagar, B.G. Road",560076,080-26584911
HOS-BLR-4537,Eye Care Centre,"#57, 13Th Main, 4Th Block East, Jayanagar",560011,080-26630063
HOS-BLR-6,Cdr Medical Centre,"Jayanagar, ",560011,080-26655055
HOS-BLR-1651,Ashraya Hospital,"#26, Jetiappa Complex, Yelachenahalli, Kanakapura Rd",560078,080-26669130
HOS-BLR-1951,Varna Nursing Home,"# 513/2Nd Cross, 8Th Main, Bsk 1St Stage, 2Nd Block",560050,080-26673410
HOS-BLR-1977,Trinetraalaya Eye Care & Surgical Centre,"22/2, 13Th Main, Banashankari1St Stage, 1St Block, Srinagar",560050,080-51203583
HOS-BLR-4504,Bangalore Nethralaya Super Speciality Eye Hospital,"#946, 21St Main, Near Bda Complex, Banashankari , 2Nd Stage",560070,080-65375566
HOS-BLR-4330,Mayo'S Hospital,"#124, Kanakapura Main Road, Jayanagar, 7Th Block",560082,"080-26772211,44"
HOS-BLR-4282,Ring Road Hospital,"# 129, 1 Main Road, Kattriguppe, 3Rd Stage, Banashankari",560085,080-26797040
HOS-BLR-2819,Harsha Hospital,"# 193/4, Nh 4, Sondekoppa Circle, Nelamangala",562123,080-27723697
HOS-BLR-1653,Sri Raghava Childres' & General Hospital,"Opp To Syndicate Bank, Sarjapur Rd, Attibele, 562107Attibele Anekal (Tq)",562017,080-27821454
HOS-BLR-1656,Balaji Nursing Home,Dommasandra Bus Stop,562125,080-27822092
HOS-BLR-4635,Bgs Global Hospital,"#67, Uttarahalli Road, Kengeri",560060,080-49067694
HOS-BLR-3237,Roshni Nursing Home,"# 16/10 3Rd Main, 14Th Cross, Wilson Garden",560030,080-32947331
HOS-BLR-4490,Hcg Sr Nagar,"# 8, P. Kalinga Roao Road, Sampandiramnagar",560027,080-40206407
HOS-BLR-3798,Apollo Hospitals,"No.154/11, Opp To Iimb, Bannerghatta Road",560076,"080-26304339, 40304050, 26304050, 26304051"
HOS-BLR-4049,Sri Venkateshwara Hospital,"# 86, Hosur Main Road, Madiwala",560068,080-40416789
HOS-BLR-4315,Acura Health Care Pvt Ltd,"#435, 18Th Main, Koramangala 6Th Block(Near Ndoor Stadium)",560095,080-41105151
HOS-BLR-3938,Manasa Petal Hospital,"# 34, Ist Main Cbi Road, Ganganagar, Near St. Jude Church",560032,080-41273999
HOS-BLR-4013,T.R. Hospital,"125/1 T0 7, Kothnur Dinne Main Road, Sapthagiri Layout",560078,080-41663480
HOS-BLR-29,Ramakrishna Hospital Pvt Ltd,"806/1, 15 Th Cross, Jayanagar, Iii Block, -Jayanagar, Iii Block",560011,080-40800200
HOS-BLR-3865,Abhaya Eye Hospital,"#77, Bsk 3Rd Stage, 100Ft Ring Road, 5Th Block",560085,080-65316155
HOS-BLR-4269,Premier Sanjeevini Hospital,"6/2, N.H 4, T. Dasarahalli",560057,080-65374444
HOS-BLR-4452,Kavitha Hospital,"#93 4Th Main, Vijayachandra Kalyan Mantap Road, Magadi Main Road, Sunkadakatte",560091,080-65415203
HOS-BLR-313,Mahabodhi Mallige Hospital,T.Mariyappa Roadjayanagar 1St Block,560011,080-6565678
HOS-BLR-4162,Narayana Nethralaya-II,"#258/A, Bommasandra, Hosur Road",560099,080-66660668
HOS-BLR-2931,G.E.F. Eye Hospital,"A.I.R. Extension, (Old Madras Road, Nh4)",562114,08111-650501
HOS-BLR-1657,Fosa Humanitarian Hospital,"Near Bannerghatta Police Station, 20Th Milestone, Bannerghatta",560083,080-7828612
HOS-BLR-4101,Kala Hospital,"1105, 5Th Cross, K.N. Extension, Yeshwanthpur",560022,080-23376446
HOS-BLR-4028,Kalasa Maternity Home,"# 127, Bull Temple Road",560019,080-26509681
HOS-BLR-2008,Krishna Loka Hospital,"80 Ft Ring Road, Gnana Jyothi-Nagar",560056,080-57683928
HOS-BLR-1499,Kvg Bangalore Hospital (A Unit Of The Bangalore Hospital),"Bannrghatta, Jungle Palya, Anekal Road, Bangalor",560083,080-27828488
HOS-BLR-3936,Malleswaram Eye Day Care Hospital,"# 24 First Floor, 5Th Cross, Near Malleswaram Circle",560003,080-23369464
HOS-BLR-255,Manipal Northside Hospital,"71, 11Th Main, Malleswaram",560003,080-23460469
HOS-BLR-4160,Nethrakashi Eye Hospital & Microsurgical Centre,"# 122, 2Nd Main Road, 9Th Cross, Chamarajpet",560018,080-26600482
HOS-BLR-4099,Samprathi Eye Hospital And Squint Centre,"# 111, Railway Parallel Road, 7Th Cross Kumar Park West",560020,080-23367544
HOS-BLR-4142,Sreenivasa Nursing Home,"#12, Park Road, Balepet",560053,080-41221024
HOS-BLR-4798,Shalini Nursing Home,"#63, 6Th Main, B.D.A Layout, Avalahalli",560085,080-26740447
HOS-BLR-4827,Cloudnine (A Venture Of Kids Clinic Pvt Ltd,"#1533, 9Th Main, Jayanagar 3Rd Block",560011,080-40202222
HOS-BLR-4833,Shree Nandi Hospital,"# 7, 2Nd Main Road, Chamrajapet",560018,080-41680287
HOS-BLR-4790,Kavya Hospital,Hongasandra Begur Main Road,560068,080-25735487
HOS-BLR-4864,Geetha Nursing Home,"#71, Hmt Layout, Dinnur Main Road, R.T.Nagar",560032,080-23336481
HOS-BLR-4968,Anugraha Hospital,"No 18/2, 1St Cross, M.C. Layout, Vijayanagar",560079,080-23200330
HOS-BLR-5062,Mahanth Hospital,"#8, 1St Cross, N.G.R Layout, Roopona Agrhar",560068,080-25732790
HOS-BLR-5052,Sanjeevani Hospital,"381, 382, 6Th Block Rajajinagar, Near Prassanna Circle",560010,080-23590365
HOS-BLR-5029,Kusuma Hospital,"#237/37, 10Th Main, 50 Ft. Road, Nagendra Block, Srinagar",560050,"080-26421948, 26421177"
HOS-BLR-5217,Indira Hospital,"Main Road, Jigani",562106,080-7825179
HOS-BLR-5154,K.T.G Chanre Hospital,"St.No-93, Ktg Educational Campus, Sunkadakatte Road, Sreegandada Kaval, Hegganahalli Cross",560091,080-28368071
HOS-BLR-5179,Karthik Hospital,"#56, 8Th Cross, Wilson Garden",560027,080-22224611
HOS-BLR-5155,R.K. Hospital,"#31, Kammanahalli Main Road",560084,080-25801999
HOS-BLR-5181,Shankara Nethralaya,"41-42/45, 7Th Cross, Saraswathipuram Nandini Layout Main Road",560096,080-23190865
HOS-BLR-5280,Krishnadevaraya Hospital & Research Centre,Sir Mvit Campus Hunsamaranahalli,562157,080-28477023
HOS-BLR-5231,Sri Rajeshwari Hospital,"#110, Mariappanapalaya, Jananabharathi",560056,080-64192013
HOS-BLR-5343,Dr.Kamini Rao Hospital (A Unit Of Bacc Health Care Pvt Ltd),"#909, 47Th Cross, 9Th Main, 5Th Block, Jayanagar",560041,080-26534444
HOS-BLR-2000,Yogananda Medical & Research Centre,"#277, M.K. Puttalingaih Road",560007,080-26792251
HOS-BLR-4885,Columbia Asia Referral Hospital,"#26/1, 80Feet Dr.Rajkumar Road, Malleshwaran West",560055,080-39898969
HOS-BLR-5365,Manasa Hospital,"G.Chandranna Building, Near Old Bus Stop, Devanahalli Town",562110,080-27682385
HOS-BLR-5366,Pooja 3D Hospital And Diabetes Centre,"#103, Banaswadi Main Road, Next To Bata Shoeraam, Subbahahan Palaya",560033,080-25459056
HOS-BLR-5358,S.S.G Hospital,"#116/2, Herohalli, Anjananagar, Vishwaneedam Post",560091,080-69920361
HOS-BLR-5363,Sreenivasa Nursing Home,"Gandhi Square, Anekal",562106,080-27829461
HOS-BLR-5450,Dr.Ramesh Hospital,"#6/63, 59Th Cross, 4Th Block, Rajajinagar Entrance",560010,080-23151873
HOS-BLR-5435,N.R.R. Hospital,"#3 & 3A, Hesaragatta Main Road, Chikkasandra",560090,080-28374115
HOS-BLR-5401,Popular Hospital,"#16, 3Rd Cross, Shankerpuram",560004,080-42849500
HOS-BLR-5410,Sree Venkateshwara Speciality Hospital,"#1, Gupta Layout, Lakkasandra, Bannerughatta Road",560030,080-22104329
HOS-BLR-5407,Eben-Ezer Medical Hospital,"#19, Near Bio Zeen Lab",560077,080-28444200
HOS-BLR-5475,Medikeri'S Super Speciality Ent Center,"#9/91, Govindappa Road, Cross, R.V Road, Basavanagudi",560004,080-32901028
HOS-BLR-5460,Rangalakshmi Netralaya,"#2054, 13Th B Main Near Mother Dairy Cross Yelahanka New Town",560106,080-28463544
HOS-BLR-5479,Lalitha Healthcare Pvt. Ltd. A Fortis Network Hospital,"#65, 1St Main Road, Sheshadripuram.",560020,080-40200000
HOS-BLR-5507,S.M.Hospital,"#9, 3Rd Cross, Manorayan Palya, Sultanpalya Main Road, R.T.Nagar Post",560032,080-23653748
HOS-BLR-5491,Sagar Hospitals,"Shavige Malleshwara Hills, Kumara Swamy Layout, Banashankari",560078,080-42999999
HOS-BLR-5501,Spring Leaf Health Care Pvt Ltd,"#60/3, Konappana Agrahara, Opp Infosys Convention Centre",560100,080-67345000
HOS-BLR-5513,Ashwini Nursing Home,"#382, Narayanappa Buildingd Ramamurthynagar",560016,080-41671356
HOS-BLR-5097,Dr. Malathi Manipal Hospital,"45/1, 45Th Cross, 9Th Block, Jayanagar",560069,080-40091000
HOS-BLR-5652,Mathrushree Hospital,"#6930, S.No.198, Nh-4 Soundekoppa Nelamangala",562123,"080-27725494, 27722496"
HOS-BLR-5540,Nova Medical Centers Private Limited,"#143, 1St Cross, 5Th Block, Koramangala",560034,080-43485555
HOS-BLR-5673,Dr.Bhuvaneshwaris Maternity & Childrens Hospital,"Opp Basavvana, Behind Bhavani Arcade",580029,0836-2251409
HOS-BLR-5689,Nephro Life Care India Pvt  Ltd,"#2, Setlur Street, Shanthinagar",560027,080-43319999
HOS-BLR-5692,V-Care Hospital,"#29, 1St Main Road, 1St Block, Devegowda Road, R.T. Nagar",560032,080-23434373
HOS-BLR-5730,Axon Speciality Hospital (Sapna Medical Services Llp),"No.321, 6Th Main Hal Indiranagar, Behind Idbi 80 Ft Road, Opp Fgag Church",560038,080-43346333
HOS-BLR-5747,Unity Lifeline Hospital (India) Pvt Ltd,"#193, 80 Feet Road, 2Nd Block 2Nd Stage Nagarbhavi",560072,080-23183131
HOS-BLR-5711,Vasan Healthcare Pvt Ltd,"#897/C, 80Ft Road, 6Th Block, Next To Bus Depot, Koramangala",560034,080-39890000
HOS-BLR-5710,Vasan Healthcare Pvt Ltd,"#46, 19Th Main, 1St Block, Rajajinagar, B-10, Next To Ananya Hospital",560010,080-30723999
HOS-BLR-5766,Chanre Rheumatology & Immunology Centre & Research (A Unit Of Chanre Darsha Health Care Pvt Ltd),"#149, 15Th Main, 3D Stage, 4Th Block, Nhc Layout, Basaveshwar Nagar",560079,080-23235599
HOS-BLR-5750,Cosmo Multispeciality Hospital,"#64, 1St Cross, Kalidasa Circle, Srinagar",560050,080-23753355
HOS-BLR-5837,Cauvery Medical Center Ltd,"# 43/2, Nh7 Bellary Road Near Kodigehalli Gatesahakaranagar",560092,080-43420100
HOS-BLR-5841,The Bmax Hospital,"120/4, Haralur Main Road Opp Sarjapur Road, Hsr Layout Post",560102,080-64533334
HOS-BLR-6492,Bhagavathi Multi Speciality Hospital,"L-168, 6Th Sector, Hsr Layout",560102,080-41245868
HOS-BLR-6481,The Pulse Multi Speciality Hospital,"No 5/8/1, 20Th Main Road Muneshwara Block, Girinagar",560082,080-26724466
HOS-BLR-6488,Avhieta Hospital & Health Care,"280/1 Byrathi Cross, Hennur Bagalur Main Road",560077,080-2845144
HOS-BLR-5853,Nethradhama Hospital Pvt Ltd,"No-66, Indiranagar Double Road Hal 2Nd Stage Indiranagar Near Esi Hospital",560038,080-26088000
HOS-BLR-6500,Cloudnine (Kids Clinic India Pvt. Ltd.),"115, Kodi Halli, Old Airport Road",560017,080-67999999
HOS-BLR-5852,Nethradhama Hospital Pvt Ltd,"No.607/77, Ist Main Dr.Rajkumar Road 2Nd Block Rajajinagar",560021,080-26088000
HOS-BLR-5867,Sri Shirdi Sai Hospital,Surabhi Complex B.B Road Devanahalli Town Opp Canara Bank,562110,080-27681395
HOS-BLR-5855,Sri Venkateshwara Eye Hospital,"#5, Drls Plaza, Nh4, T.Dasarahalli",560057,080-28370013
HOS-BLR-5873,Sakaria Healthcare Pvt Ltd,"#797, 10Th Main Ist Stage 3Rd Block Hbr Layout",560043,080-25435050
HOS-BLR-5871,Anugrahaa Hospital,"55/3A, Govindana Setty Palya Road Konappana Agrahara Electronic City Infosys South Taluk",560100,080-28521234
HOS-BLR-5893,Chinmaya Narayana Hrudayalaya,Cmh Road Indiranagar 2Nd Stage Chinmaya,560038,080-25200001
HOS-BLR-5887,Nova Medical Centers Pvt Ltd,"# 221/14, 5Th Main Bellary Road, Sadashiv Nagar",560008,080-43245555
HOS-BLR-5903,Arunodaya Hospitals,"# 18-23 4Th And 5Th Cross Mallasandra Main Road, Bagalagunte",560057,080-28395214
HOS-BLR-5899,Mvj Hospital,"Nh-4, Mvj Hospital 31 Km Milestone Old Madras Road",562114,080-27931473
HOS-BLR-5907,Vagus Superspeciality Hospital Pvt Ltd,"# 6, 7, 8 4Th Main 18Th Cross Opp To 18Th Cross Bus Stop Malleswaram",560003,080-23569970
HOS-BLR-5914,South City Hospital,"53/1(45), Shalini, Susheela Road, Lalbagh Upparahalli",560004,080-26572222
HOS-BLR-5913,Deeksha Hospital,#387/347 Bb Road Nehrunagar Yelahankaold Town,560064,080-32564445
HOS-BLR-5933,Yashomati Hospitals Private Limited,"#2371/3, Hal Varthur Main Road Next To  Mangalya Apartments",560037,080-43221053
HOS-BLR-5930,Srinivasa Eye Hospital,"No-60, Banaswadi Main Road Beside Uma Maheswari Temple",560043,080-40955959
HOS-BLR-5939,Sri Sai Ram Hospital,"#6, Jc Industrial Area Yellachanahalli Ist Stage Kanakpura Main Road",560060,080-26860159
HOS-BLR-5945,Live 100 Hospital,"#104/1, Singsandra Hosur Road Opp Singsandra Bus Stop Urban",560068,080-43600600
HOS-BLR-5953,Sri Ram Nethralaya & Surgical Centre,#2 1 Floor Kr Puram Opp Ganesha Temple Near Old Police Station Urban,560036,080-65583586
HOS-BLR-5968,Nmpc Hospital,"#66, Jayaram Reddy Layout Horamavu Post Near Home Buzz Horamavu Main Road",560043,080-25420632
HOS-BLR-5996,Motherhood (Unit Of Rhea Healthcare Pvt Ltd),#324 Cmh Road Indirangar Ist Stage Next To Vijaya Bank Building,560038,080-25190000
HOS-BLR-5988,Sri Lakshmi Multi-Speciality Hospital,"#127/1, Sri Gandhada Kaval Sunkadakatte Vishwaneedam Post Magadi Main Road",560091,080-23588315
HOS-BLR-5981,Srivijaya Speciality Hospital,#699 3Rd Main Road Bhuvanagiri Layout Doddabanaswadi,560043,080-25428429
HOS-BLR-5978,Vikram Hospitals Bengaluru Pvt Ltd,#71/1 Millers Road Next To Central Bank Near Sp Office,560052,080-45004545
HOS-BLR-6242,Sapthagiri Hospital,No 15 Chikkasandra Hesarghatta Main Road,560090,080-28393392
HOS-BLR-6235,Dhanush Hospital,"#63, Byraveshwara Nagar 2Nd Main, Nagarbhavi Main Raod",560072,080-23185544
HOS-BLR-6238,Jayashree Multi Speciality Hospital,"#25, 26 & 27, 1St Cross, B Block Vishwapriya Nagar, Begur",560068,080-25745888
HOS-BLR-6102,Amrutha Hospital,# 1 Near Water Tank Jakkur Main Road Amruthahalli,560092,080-40928888
HOS-BLR-6262,Narayana Nethralaya -3,New No 37 Castel Street Opp Sacred Heart Church Ashok Nagar,560025,080-66974023
HOS-BLR-6356,Sparsh Hospital For Advanced Surgeries,"# 146, Infentry Road, Near Police Commissioner Officer",560001,080-33282061
HOS-BLR-6320,Srushti Hospital,"124, Kanakapura Main Road, Jayanagara 7Th Block",560082,080-26761144
HOS-BLR-6360,Sri Lakshmi Venkateshwara Hospital Pvt Ltd,"4/38. 1St Main, 4Th Phase, Industrial Area, Yelahanka New Town",560064,080-42042436
HOS-BLR-6316,Town Hospital,"Near Srirama Temple Bagalur Road, Sarjapurr",562125,080-27883388
HOS-BLR-6099,Poornima Hospital,"#200/A, Hmt Layout, Rt Nagar",560032,080-23557272
HOS-BLR-6400,K C Raju Multi Speciality Hospital,Lingarajapuram Hennur Main Road,560084,080-25477712
HOS-BLR-6110,Aditya Netralaya,"#244, 7Th Cross 6 Block 3 Puase 3Block Banashankari",560085,080-26695392
HOS-BLR-6398,H K Hospital,"#106/2 & 135, Mysore Road Kengeri",560080,080-25908824
HOS-BLR-6066,Sri Ramakrishna Hospital,Opp Tvs Show Room Old Madras Road Krishnarajapuram,560036,080-25616114
HOS-BLR-6023,Shree Krishna Hospital,No 26 Hesaraghatta Road Bangalagunte,560073,080-28374440
HOS-BLR-6407,Raja Rajeswari Medical College & Hospital,Kambipura Mysore Road,560074,080-28347658
HOS-BLR-6060,Nirmala Nursing Home,Kishan Arcade Erns City Doddane Khund Outer Ring Road,560037,080-28533999
HOS-BLR-6026,Dr.Agarwals Healthcare Ltd.,C.K Emerald No-10 Ns Palya Kaveriappa Industrial Area Bannerghatta Road,560076,080-25504555
HOS-BLR-6456,Manasa Hospital,"No 107, 6Th Main, 2Nd Cross, Vijayanagar",560040,080-23104604
HOS-BLR-6073,Metro Hospital,21/3 Vasanthpur Main Road Konanakunte Cross,560062,080-64522226
HOS-BLR-6118,Nagappa Hadli Hospital,M S Palya Circle Vidyaranyapura Post,560097,080-22713016
HOS-BLR-6446,Nethra Eye Hospital,"#8, Poojary Layout, 80Ft Road, Rmv 2Nd Stage",560094,9632584711
HOS-BLR-6136,Shree Vijayalakshmi Hospital & Trauma Centre,#3/666 Hennur Bande Hennur Main Road Kalyan Nagar Post,560043,080-42351594
HOS-BLR-6443,Beams Hospitals Privated Limited,"640, 12Th Main, 80 Ft Road, 4Th Block, Koramangala, Bengaluru",560034,080-39417700
HOS-BLR-6442,Drishti Nethralaya,"36/7, 1 Floor, 24Th Main Road, Girinagar Muneshwara Block, Girinagar, -560085",560084,080-26723135
HOS-BLR-6138,Mathru Shree Nethralaya,#818/819 16Th A Main 2Nd Cross Gokul Extension,560056,080-23371810
HOS-BLR-6457,Brookefield Hospital (A Unit Of Sanjeevini Healthcare),"#521, 522, Vijaylakshmi Square, Itpl Main Road, Bangalore",560037,080-42445555
HOS-BLR-6397,Sharada Hospital Nelamangala,"Paramanna Layout, Opp To Corporation Bank",562123,080-27722099
HOS-BLR-6306,Sidvin Hospital Pvt Ltd,"#1031, 20Th Main, 5Th Block Rajajinagar",560010,080-23505566
HOS-BLR-6095,Shanthi Hospital & Research Centre Pvt Ltd,Door No 307 40 Cross Jayanagar 8Th Block,560082,088-43229999
HOS-BLR-6330,Life Care Hospital,"No.23/24, 20Th Main, Btm 1St Stage, Om Complex",560028,080-32550276
HOS-BLR-6471,Life Line Hospital,"#2, G.N. Complex, Tumkur Road, Madanayakanahalli",562123,080-23717881
HOS-BLR-6475,Sri Vinayaka Multi Speciality Hospital & Trauma Centre,"Mylanhalli, B.K. Halli Post, Behind Bengaluru International Airport, Jala Hobli, Bangalore North",562149,080-22796180
HOS-BLR-6469,Belaku Eye Hospitals Pvt Ltd,"#769, 1St Cross, Ring Road, Kengeri Upanagar, -Kengeri Upanagara",560060,080-65707056
HOS-BLR-6567,Zion Hospitals And Research Centre Pvt Ltd.,"#83/1, KAMMANAHALLI MAIN ROAD, BEHIND DOCTOR DIAGNOSTIC",560084,080-43518000
HOS-BLR-6559,Vijayashree Hospitals,"#3, Gottigere, Bannerghatta Main Road, (Opp. To Divyasree Medicals)",560083,080-49068888
HOS-BLR-6546,Bilva Hospital,"No. 21, 22, 2Nd Main Palace Guttahalli, -, Near Vinayaka Circle",560003,080-26444456
HOS-BLR-6618,Medi-Derma Hospital,"85, Byrathi, Hennur Main Road",560077,080-28465644
HOS-BLR-6620,Veena Medical Centre,"# 11, 1St Cross, 7Th Main, 2Nd Stage, ""D""Block, Bangalore",560010,080-23428944
HOS-BLR-6570,Sanjeevani Netralaya & Medical Research Centre,"No. 141, Infantry Road, -, Opp. The Hindu, Near Incomtax Office",560001,080-41204067
HOS-BLR-6630,Sakhii Hospital (A Unit Of Prasad Healthcare Services).,"123, 7Th Cross, Dollars Colony, Bilekhalli, Off Bannerghatta Road, -, Near Vegacity Mall",560076,080-65330026
HOS-BLR-6628,Sri Sai Health Care Speciality Hospital,"Bidarahalli Circle, East-, Near East Point College, Bidarahalli",560049,080-28472466
HOS-BLR-6636,Medihope Super Speciality Hospital And Research Centre Pvt Ltd.,"# 114/1, Malleshpalya Main Road, New Thippasandra Post, Malleshpalya, -, Between Malleshpalya Old And New Main Bustop",560075,080-67611006
HOS-BLR-6333,Namratha Orthopaedic Centre,"146 Nikitha East End 'C' Main Road, 9Th Block Jayangar",560069,080-26643970
HOS-BLR-6021,Sree Tirumala Hospital,# 1141 Mangammanapalya Main Road Bommanahalli 68,500068,080-25920574
HOS-BLR-6646,Sannati Speciality Hospital,"#260, Amarjyothi Layout, Inner Ring Road, Domlur Extn",560071,080-41123833
HOS-BLR-6690,Narayana Super Speciality Hospital,"No 24, 9Th Cross, Margosa Road, Malleswaram",560003,080-23084000
HOS-BLR-6693,Apollo Koramangla Cradle Limited,"No.58, 5Th Cross, 18Th Main Koramangla, 6Th Block",560095,080-49397979
HOS-BLR-6687,Panacea Hospital-Nagarbhavi (A Unit Of Pan Nagarbhavi Hospital Pvt. Ltd.),"#611, 612, Nagarbhavi Main Road, 2Nd Stage, Vinayaka Layout, Nagarbhavi Circle",560072,080-23011600
HOS-BLR-6641,Kids Clinic India Pvt. Ltd. (Cloudnine) Malleshwaram,"#47, 17Th Cross. 11Th Main, Malleshwaram",560055,080-40202222
HOS-BLR-6706,K.R. Puram Super Speciality Hospital,"3Rd Main Road, Old Extension , K.R. Puram",560036,080-25619999
HOS-BLR-6724,Vasan Eye Care Hospital-Hsr Layout (A Unit Of Vasan Health Care Private Limited.),"1127/A, 7Th Sector, Near Bda Complex, Hsr Layout, Bangalore - 560102, Karnataka",560102,080-39207900
HOS-BLR-6140,Vasan Eye Care Hospital-Rajarajeshwari Nagar,"No 483,  Seetha Complex,16Th Cross 18Th Main, Rajarajeshwari Nagar, Bangalore - 560098, Karnataka",560098,080-39890300
HOS-BLR-6753,Medic Star Hospital,"#17/1, Arunachalam Mudaliar Road, Shivaji Nagar, Bangalur",560001,"080-25566600, 25566601"
HOS-BLR-6773,Apollo Koramangala Cradle Limited,"#25. 46Th Cross, 5Th Block, Jayanagar",560011,"080-42659939, 49397979"
HOS-BLR-6731,Vasan Eye Care Hospital-Rt Nagar,"No.533, 108 Bus Stop,Vijaylakshmi Arcade,Ganganagar ( R.T.Nagar ) Bangalore - 560032, Karnataka",560032,080-39207950
HOS-BLR-6732,Vasan Eye Care Hospital-Bommanahalli,"No.43, Sri Maruthi Comlpex, Garveybhavi Palya, Hongasandra Village, Begur Hobli, Hosur Main Road, Bangalore - 560068, Karnataka",560068,080-39890950
HOS-BLR-6700,Essential Hospital,"#42, 7Th Block, 2Nd Stage Nagarabhavi Ring Road",560072,080-23210410
HOS-BLR-6712,Rangadore Memorial Hospital,"1St Cross, Shankarpuram, Basavanagudi",560004,080-26983300
HOS-BLR-7429,Blossom Multispeciality Hospitals And Day Care Centre Pvt Ltd,"#1141, Bms Plaza, Mangaman Palya Main Road",560068,080-25744441
HOS-BLR-7396,Punya Hospitals India Pvt Ltd,"52-53/10, 80Feet Road, Mig Colony, Basaveshwarnagar",560079,080-42060402
HOS-BLR-6843,Sanjeevini Medlife Hospital (I) Pvt. Ltd.,"#760, 7Th Main, Mahalakshmi Layout",560086,080-39213100
HOS-BLR-7219,Gunasheela Surgical And Maternity Hospital,"No.1/B, Dewan. N. Madhav Rao Road. Balgalore, Opposite Krishna Rao Park",560004,080-26673585
HOS-BLR-7245,Sri Shankara Cancer Hospital And Research Centre.,"1St Cross, Shankarapuram, Basavanagudi, Near Shankarmutt",560004,080-26981046
HOS-BLR-7230,Primus Hospitals,"11/A, Hsr Layout, Sector-6, Outer Ring Road",560102,080-25722572
HOS-BLR-7226,Columbia Clinic Doddaballapur,"Bashettihalli, Rular, Doddaballapur",561203,08119-300300
HOS-BLR-6952,Jeevika Hospitals Pvt Ltd,"# 95/3, Marathalli Outer Ring Road, Doddanekundi Post",560037,080-30766768
HOS-BLR-7229,Kims Heart Centre,"K.R Road, V.V Puram",560004,080-26609652
HOS-BLR-6734,Vasan Eye Care Hosptial-Marathalli,"No:205/5-D,Outer Ring Road,Doddanekundi,Marathahalli,Bangalore - 560037, Karnataka",560037,080-39890700
HOS-BLR-6803,Apollo Speciality Hospital (Apollo Hospital Enterprise Ltd.),"No. 21/2 (2), 14Th Cross, 3Rd Block, Jayanagar, Bangalore, Karnataka",560011,080-30804444
HOS-BLR-6584,G.B.Y. Maternity & Multi Speciality Hospital,"#1869, 13Th Cross, 5Th Main Road, R.P.C. Layout, 2Nd Stg, Bengaluru",560040,080-23385994
HOS-BLR-22,Drs 7 Maiya Multi Speciality Hospital Llp,"34, 10Th Main Road, 1St Block, Jayanagar",560011,"080-26568978,979,980"
HOS-BLR-256,Netradhama Eye Clinic & Surgical Centre,"#818, 13Th Cross7Th Block West, Jayanagar",560082,"080-26633533,26633609"
HOS-BLR-4654,Srinivasa Nursing Home & Maternity Centre,"# 5, Jeevan Bheema Nagar Hal 3Rd Stage",560075,080-2581749
HOS-BLR-4865,Bharathy Hospital,"#4, Nagarabhavi Main Road, Prashanth Nagar",560079,"080-23489238,23485759"
HOS-BLR-6022,Abhishek Nethradhama,"Mosque Complex, Opp Rajkamar Talkies, Fort Road",561203,080-40933219
HOS-BLR-6027,Dr.Agarwal'S Healthcare Ltd,#590 Service Road Of Sarjapur Road 3Rd Block Kormangala,560034,080-25504555
HOS-BLR-6028,Dr Agarwal'S Healthcare Ltd.,"Kade, Complex No 869, 2Nd Stage, Wcr 3Rd Stage, Basaveshwaranagar",560079,080-23232399
HOS-BLR-6055,Vasan Eye Care Hospital-Banaswadi,"No 205-4C,4Th Cross, 3Rd Block, Hrbr Layout, Near Hennur Bus Depot, Banaswadi, Bangalore - 560043, Karnataka",560043,080-39890600
HOS-BLR-6063,Apple Hospital,#32 Maruthi Complex M S Nagar Bus Stop Banaswadi Main Road,560033,0484-2360798
HOS-BLR-6160,Nephrolife Care India Pvt Ltd,No 2 Setleer Street Shanthingar,560027,080-40579900
HOS-BLR-761,Mediscope Hospital,"# 11, Pillana Garden 3Rd Stage 3Rd Stage",560045,080-25462301
HOS-BLR-6074,Deepashri Hospital (A Unit Of Cadms Trust),#86. 2Nd Main 16Th Cross Malagala Nagarabhavi 2Nd Stage,560072,080-23186186
HOS-BLR-6035,Vasan Eye Care Hospital Jayanagar,"4Th Block, Diagonal Rd, Jayanagar IV Block, Bangalore 560011, Karnataka",560011,080-39890500
HOS-BLR-7433,Citi Hospital,"Gandhi Circle, Vartur,",560087,080-28538330
HOS-BLR-7510,Spandana Hospital And Medical Centre,"No. 206, 1St Main Road, Akallappa Layout, Rammurthynagar",560016,080-42049280
HOS-BLR-7513,Nandana Health Care Services(India) Pvt. Ltd,"#320/C, 321/A, 1St Stage, 2Nd Phase, Woc Road Manjunath Nagar",560010,080-23500254
HOS-BLR-7532,K.L. Hospitals Pvt Ltd,"#53, Kalkere Main Road, Kowdenahalli Ext, Ramurthy Nagar",560016,080-49689911
HOS-BLR-7528,Brinda Hospital,"No-4, 5Th Block, 2Nd Stage, Bagarbhavi",560072,080-23810101
HOS-BLR-7534,Sharada Nursing And Diagnostic Centre,No.21 Iti Layout Vijinapura Baangalore,560016,080-25661461
HOS-BLR-7664,Isis Medicare And Research Centre,"#18, Universal House, Bellary Road, Sadashivanagar",560080,080-49004900
HOS-BLR-7672,Dr Sailaja'S Super Speciality Eye Hospital,"No. 21,22, 1St Floor Horamavu Main Road",560043,080-42177555
HOS-BLR-7678,Sakra World Hospital,"52/2 & 52/3, Devarabeesanahalli, Varthur Hobli, Opp Intel, Outer Ring Road Marathahalli",560103,080-49694969
HOS-BLR-7680,The Eye Foundation Ltd,"79/5, Outer Ring Road, Bellandur",560103,080-49422000
HOS-BLR-7688,BGS GIMS Hospital,"#67, Uttarahalli Main Road, Kengeri",560060,080-28611658
HOS-BLR-7692,Athreya Hospital,"6/2, Opp. Suryanagara, Phase-1, Chandapura",560081,080-27832783
HOS-BLR-7706,Apurva Mother & Child Hospital,"#1002/D, B.B. Road,Yelahanka Old Town",560064,080-28460098
HOS-BLR-7707,Annayya Healthcare Pvt Ltd,"#14,14Th Main, Hsr 5Th Sector, Koramangala",560102,080-40928686
HOS-BLR-7716,Global Multispeciality Hospitals India Pvt Ltd,"3Rd Cross, Matadakani, Urwa, Dakishina Kannada Distict",575006,0824-2457788
HOS-BLR-7676,Specialist Health Systems Pvt Ltd,"#216, 7th Main, 80 Feet Road, 1st Block,",560043,080-42122222
HOS-BLR-013410,Drishti Eye Hospital,"1St Floor,Ncm Complex,B.B.Road,Devanahalli",562110,080-27683838
HOS-BLR-013459,Ovum Hospitals - A Unit Of Neonatal Care And Research Institute Pvt Ltd.,"7M, 220, El Shaddai, 1St Block,  Hrbr Layout, 80 Feet Road, Banaswadi",560043,080-45309999
HOS-BLR-013460,Oases Artificial Kidney Care Pvt. Ltd.,"54-E, Kalkere Main Road, Ramamurthy Nagar",560016,080-42199333
HOS-BLR-013466,People Tree Hospitals,"#2, Tumkur Road",560022,080-49599999
HOS-BLR-013467,Dr.Bhargavi Reddy Women And Children Hospital,"#79,New Thippasandra Main Road,3Rd Stage 80Ft Road, Indranagar",560075,080-25254444
HOS-BLR-013148,Promed Hospital ( A Unit Of Fine Feathers Hospital Pvt. Ltd),"#3781, 13Th Cross, Banashankari Second Stage",560070,080-26718403
HOS-BLR-013463,Columbia Asia Hospital - Whitefield,"Survey No. 10P&12P, Ramagondanahalli, Whitefield",560066,080-61656666
HOS-BLR-013482,Devagiri Hospital,"#2461, 24Th Cross,",560070,080-26980555
HOS-BLR-013483,Medstar Speciality Hospital,"No-2270, Maruthi Plaza, Kodigehalli Main Road,",560092,080-41127524
HOS-BLR-013486,Family Hospital (A Unit Of Family Healthcare Provider Pvt. Ltd),"#423/2, 1St Main, 1St Stage, 1St Phase,",560054,080-23378885
HOS-BLR-013497,Abhishek Nethradhama,"Hig-2024, 3Rd B Cross, 'B' Sector, Icici Bank Road",560064,080-40933219
